key_queue,type
A pdf of the slides of the presentation is also available to download here.,Access/CTA
Access Recording,Access/CTA
Access recording and slides,Access/CTA
Access recordings,Access/CTA
Book a place now,Access/CTA
Book Now,Access/CTA
Book your Spot,Access/CTA
Can’t join us live? Register anyway!,Access/CTA
Click here to register for this free webinar today!,Access/CTA
Click here to watch the webinar.,Access/CTA
Complete the form at the right to watch the webinar!,Access/CTA
Confirm registration,Access/CTA
Download materials,Access/CTA
Download PDF of slides,Access/CTA
Download the presentation,Access/CTA
Download the transcript,Access/CTA
Download the video,Access/CTA
Download Webinar,Access/CTA
Get a Demo,Access/CTA
Play,Access/CTA
Play now,Access/CTA
Register for Free,Access/CTA
REGISTER FOR THE WEBINAR,Access/CTA
Register now,Access/CTA
Register now on the right!,Access/CTA
REGISTER ONLINE,Access/CTA
Register Session 1,Access/CTA
Register Session 2,Access/CTA
Register to watch,Access/CTA
Registration Information,Access/CTA
Save my seat,Access/CTA
Sign up at the link,Access/CTA
View below,Access/CTA
View recording,Access/CTA
View Webinar,Access/CTA
Watch now,Access/CTA
Watch on demand,Access/CTA
Watch Recording,Access/CTA
Watch the Recording,Access/CTA
Watch the video,Access/CTA
Watch this previously recorded webinar,Access/CTA
Watch this Webinar,Access/CTA
You can download a copy of Kirstie’s slides here.,Access/CTA
Duration,Duration
Length 53 Min,Duration
Length 60 Minutes,Duration
The presentation will be around 30 minutes,Duration
This webinar will last for approximately 60 minutes.,Duration
Webinar duration,Duration
Admission,Mechanics
Eligibility,Mechanics
Format,Mechanics
Haven’t registered for a webinar yet?,Mechanics
Here to watch a replay?,Mechanics
PRACTICAL DETAILS,Mechanics
Questions about registering or watching?,Mechanics
Questions and Fees,Mechanics
System test (opens in a new window),Mechanics
Technical Details,Mechanics
Tools,Mechanics
Why are we asking for your email address?,Mechanics
Add to my calendar,Related
Additional Information,Related
Additional Resources,Related
Additional Webinars in the Training Series,Related
All Webinars in this Series,Related
ALSO OF INTEREST...,Related
Archived Materials,Related
Archived Webinar,Related
Archived Webinar Video,Related
Background information,Related
Bonus Material,Related
Calendar of Upcoming,Related
Check out other webinars from this series,Related
Comments,Related
Customers Who Downloaded This Research Also Downloaded,Related
Discussion Questions,Related
EVENT RESOURCES,Related
Find out more about the webinar series,Related
For more information visit the following links,Related
Further reading,Related
Join The Webinar To Learn On,Related
Keep on Watching,Related
LATEST IN WEBINARS,Related
Links and resources,Related
MORE ABOUT US,Related
More events,Related
MORE IN WEBINARS,Related
More On-Demand Webcasts,Related
MORE WEBINARS,Related
MOST RECENT VIDEOS,Related
Past Webinars,Related
Popular posts on,Related
Post-Webinar Breakout Session,Related
Presentation Slides,Related
Previous webinars,Related
Questions and Answers,Related
READ MORE,Related
Read next,Related
Recommended Reading,Related
Related,Related
RELATED ARTICLES,Related
Related Content,Related
Related Courses,Related
RELATED EVENTS,Related
RELATED INSIGHTS,Related
RELATED POSTS,Related
Related Products,Related
Related Resources,Related
RELATED RESOURCES TO HELP YOU LEARN MORE,Related
Related Solutions,Related
Related Thoughtware,Related
Related Videos,Related
Related Webinars,Related
Reviews,Related
Share vent via email,Related
Share With Your Networks,Related
The Latest Resources,Related
Transcript,Related
UP NEXT IN WEBINARS,Related
Viewers of the webinar benefit from 50% discount,Related
Want to know more about this topic?,Related
Webinar Attachments,Related
Webinar Materials,Related
Webinar Resources,Related
YOU MAY LIKE,Related
YOU MIGHT ALSO BE INTERESTED IN,Related
You Might Also Like,Related
About Mark Cunningham-Hill,Speakers
About the Author,Speakers
About the host,Speakers
ABOUT THE HOSTS,Speakers
About the Presenter,Speakers
About the Presenters,Speakers
About the speaker,Speakers
About the speakers,Speakers
Bio,Speakers
Biography,Speakers
Check our speakers,Speakers
Experts,Speakers
External Speakers,Speakers
Featured discussion leaders include,Speakers
FEATURED SPEAKER,Speakers
Featured speakers,Speakers
Featuring,Speakers
Her background includes,Speakers
Hosted by,Speakers
KEYNOTE SPEAKER,Speakers
Learn about your speakers,Speakers
Meet the speakers,Speakers
MEET YOUR PRESENTERS,Speakers
Moderated by,Speakers
Our expert panel,Speakers
Our speakers were,Speakers
Panelist bios,Speakers
Panelists,Speakers
Presented by,Speakers
presenter,Speakers
Presenter Information,Speakers
Presenters,Speakers
Session Producer,Speakers
Speaker Bio,Speakers
Speaker Bios,Speakers
Speaker in this Webinar,Speakers
Speaker Profile,Speakers
Speaker Profiles,Speakers
Speaking Experts,Speakers
The demo is hosted by,Speakers
The panelists for the Webcast are,Speakers
The Presenters,Speakers
The Trainers,Speakers
This webinar features,Speakers
Trainers,Speakers
Webinar Faculty,Speakers
Welcome to our e-speakers,Speakers
Who,Speakers
Who is the Speaker?,Speakers
Your Facilitator and Co-Facilitator,Speakers
Audience Comments,Testimonial
Hear from our participants,Testimonial
HERE'S WHAT OUR ATTENDEES ARE SAYING ABOUT US,Testimonial
Reviews,Testimonial
What are people saying about BizLibrary webinars?,Testimonial
What people are saying about past webinars,Testimonial
What People Have Said About Previous Webinars,Testimonial
WHAT PREVIOUS ATTENDEES SAID,Testimonial
"a live webinar, covering topics such as",What
ABOUT THE EVENT,What
About the Webinar,What
About this webinar,What
Abstract,What
"Additionally, our experts will discuss the following topics",What
"After attending this webinar, participants will be able to",What
after this webinar you will be,What
"After this webinar, participants will be able to",What
Agenda,What
agenda of the webinar,What
"Among other things, in this session you’ll learn",What
"Among other things, you’ll learn",What
And learn about,What
answer questions on,What
Areas covered in webinar,What
as they discuss,What
as they discuss how to,What
"AT THE END OF THIS SELF-STUDY, PRE-RECORDED WEBINAR, YOU WILL",What
Attend this event,What
Attend this event to gain,What
Attendees gained valuable insight on,What
Attendees of this webinar will learn,What
Attendees will,What
Attendees will learn,What
Background,What
"By watching our free webinar, you will learn",What
"By watching this webinar on-demand, you’ll get insights into",What
can help to,What
Come to this Trend Talks webinar to learn about,What
covered following topics during the session,What
Covered Topics,What
Description,What
Did you know?,What
Discussion Topics,What
Download our free eBook to learn how,What
"During the session, we explored",What
"During the webinar, viewers will",What
"During the webinar, you will learn",What
During this hour-long webinar we will cover,What
During this on-demand webinar,What
During this webinar,What
During this webinar you’ll learn,What
"During this webinar,",What
"During this webinar, you will learn",What
Event description,What
Find out,What
for this webinar where you’ll learn,What
Get the latest findings,What
GUEST SPEAKERS,What
Here are items to consider,What
Here are some of the most salient takeaways from the webinar,What
HERE'S WHAT WE'LL COVER,What
Here's what you are going to learn in this ground-breaking training,What
HOW TO GET THE MOST OUT OF THIS WEBINAR,What
In our time together you’ll learn,What
In our webinar you will learn more about,What
"In this 45 minute webinar, we will cover",What
"In this 45-minute webinar, you will learn about",What
In this one-hour webinar you will,What
In this presentation you will learn,What
"In this presentation,",What
"In this presentation, we will",What
In this session you will learn about,What
"In this session,",What
"In this session, you'll be introduced to",What
"In this session, you’ll see how to",What
In this upcoming webinar,What
In this webinar,What
In this webinar our experts will dive into,What
In this webinar we will be discussing,What
In this webinar you learn,What
IN THIS WEBINAR YOU WILL,What
In this webinar you will learn,What
"In this webinar,",What
"In this webinar, find out how",What
"In this webinar, they discuss the",What
"In this webinar, we unpack",What
"In this webinar, you will learn",What
"In this webinar, you will learn about",What
"IN THIS WEBINAR, YOU WILL LEARN HOW TO",What
In this webinar:,What
Introduction,What
Join our expert panel as we discuss how,What
Join our free webinar,What
join our webinar,What
join our webinar to,What
join our webinar to discuss,What
Join the Webinar,What
Join the Webinar to learn,What
Join this free webinar to learn,What
Join this live webinar to learn how to,What
Join this webinar and discover how,What
Join this webinar to find out how,What
Join this webinar to learn the answers to the following key questions,What
Join this webinar to understand how,What
Join us,What
Join us for,What
Join us for this 60-minute webinar where you will,What
Join us in this webinar to learn,What
Join us to learn,What
Join us to learn how,What
Join us to learn how to,What
Key Insights,What
Key Learning Objectives,What
KEY LEARNING POINTS,What
Key Points covered in Webinar Session,What
Key points of discussion,What
Key questions which would be covered in the webinar,What
Key Takeaway,What
Key Takeaways,What
Key takeaways from the session,What
Key Takeaways from the Webinars,What
Key themes include,What
Key Themes of this session,What
Learn about,What
Learn From Our Webinars,What
Learn how,What
Learn how you can,What
LEARNING GOALS,What
Learning Objectives,What
Learning Outcomes / Key Insights,What
Major Topics,What
Objectives,What
People attending this presentation will learn about,What
Primary Topics,What
Primary Track,What
PROGRAM,What
Program Highlights,What
Questions to be answered,What
Reasons to attend the webinar,What
REGISTER FOR THE WEBINAR TO DISCOVER,What
Register for the webinar to discover ,What
Register to join our,What
Register to learn,What
Secondary track,What
Session Agenda,What
Session Description,What
Sign up now to learn how,What
speakers who will address the following topics,What
SUMMARY,What
Synopsis,What
Take-home message,What
Takeaways,What
Talking Points,What
the takeaways,What
The main topics that we will talk about are,What
The presentation will cover topics such as,What
The video will cover,What
The Webinar concludes with,What
The webinar covers,What
The webinar discusses the,What
The webinar tackled the topic,What
The webinar will cover the following topics,What
THEMES,What
This educational webinar will focus on,What
This live and interactive session will cover the following,What
This one hour webinar will cover,What
This one-hour webinar training will discuss,What
This session will,What
This webcast unpacks,What
This webinar examines,What
This webinar explores,What
This webinar is about,What
This webinar is perfect for,What
this webinar is planned to focus on the following aspects.,What
This Webinar presents,What
This webinar reviews,What
This webinar,What
This webinar will,What
This webinar will bring some light into,What
This webinar will cover,What
This webinar will cover the following,What
This webinar will deliver insight,What
this webinar will delve into,What
This webinar will discuss,What
This webinar will focus on,What
This webinar will give you some insight into,What
This webinar will help,What
This webinar will offer,What
This webinar will provide,What
This webinar will teach you how to,What
"To find out more, we encourage you to attend this webinar. Learn about",What
to learn,What
Topic,What
Topics,What
Topics addressed in this webinar,What
Topics Covered,What
Topics covered during this webinar will include,What
Topics covered include,What
Topics for discussion will include,What
Topics include:,What
Topics to be covered include,What
Topics which will be covered include,What
Topics will include,What
"Upon completion of this webinar, attendees will know how to",What
View this on-demand webinar to learn,What
Viewing this webinar will,What
WATCH NOW TO,What
Watch our webinar,What
Watch our webinar and learn how to,What
Watch our webinar for a,What
Watch this on-demand webinar to learn more about,What
Watch this recorded webinar to gain insight into,What
Watch this webinar,What
Watch this webinar to,What
We will,What
We will be covering the following topics,What
We will share our insights on,What
we'll be discussing about,What
We'll cover,What
We'll show you how the,What
We’ll show you,What
We’re going to show you how to,What
Webinar Agenda,What
Webinar attendees will come away from this meeting with...,What
Webinar Details,What
Webinar Objective,What
Webinar participants will have the opportunity to learn and ask questions about,What
Webinar Presenters,What
Webinar Summary,What
Webinar takeaways to learn how to,What
Webinar Title,What
What,What
What attendees will learn,What
What is the webinar all about?,What
What will attendees receive?,What
What you gain from this webinar,What
WHAT YOU WILL LEARN,What
What you will learn from,What
What you'll learn if you attend,What
What you'll learn-and how you can apply it,What
What you’ll learn,What
WHAT'S INSIDE,What
WHO SHOULD ATTEND,What
Why attend this webinar?,What
Why attend?,What
Why should I watch the webinar?,What
Why you should attend,What
Why you should watch,What
will discuss,What
will share the following insights,What
with a particular emphasis on the following,What
You are in the right place if,What
You will learn,What
You will learn about,What
You will learn how to,What
You'll gain insights into,What
you'll learn:,What
You’ll Learn,What
You’ll learn how to,What
You’ll leave the session understanding,What
you’re going to learn,What
Clips from the Webinar,When
Date,When
Date & Time,When
Day,When
Event date,When
On Demand,When
The webinar will take you through,When
This webinar will be held on,When
Time,When
Webinar Connection,When
Webinar Start Time,When
When,When
Audience,Who Should Attend
"In this 45 minute webinar, we will cover",Who Should Attend
"In this webinar, we give you the key information",Who Should Attend
Intended audience,Who Should Attend
Intended Audiences,Who Should Attend
Moderator For This Webinar,Who Should Attend
Panelists Include,Who Should Attend
Perfect for you if you...,Who Should Attend
Presented by,Who Should Attend
Target Group,Who Should Attend
The training program is ideal for the following professionals,Who Should Attend
This training course is for you because...,Who Should Attend
This webinar is appropriate for,Who Should Attend
This webinar is designed to cover following aspects,Who Should Attend
This webinar is specially geared to,Who Should Attend
Who can attend this webinar,Who Should Attend
Who is this webinar right for?,Who Should Attend
Who Should Attend,Who Should Attend
"Who should attend, and why?",Who Should Attend
Who Should Attend?,Who Should Attend
Who’ll benefit from this webinar?,Who Should Attend
Why You Should Attend This Webinar,Who Should Attend
Your presenters,Who Should Attend